{"cameraMode":{"drawMode":0,"name":"Shaded","section":"Shading Mode"},"sceneLighting":true,"audioPlay":false,"sceneViewState":{"showFog":true,"showMaterialUpdate":false,"showSkybox":true,"showFlares":true,"showImageEffects":true,"showParticleSystems":true},"in2DMode":false,"pivot":{"x":-0.8632147908210754,"y":3.661877393722534,"z":-3.277294874191284},"rotation":{"x":0.09753014147281647,"y":-0.8674357533454895,"z":0.18789222836494447,"w":0.4502662718296051},"size":-2.9034643173217775,"orthographic":false}