{"cameraMode":{"drawMode":0,"name":"Shaded","section":"Shading Mode"},"sceneLighting":false,"audioPlay":false,"sceneViewState":{"showFog":true,"showMaterialUpdate":false,"showSkybox":true,"showFlares":true,"showImageEffects":true,"showParticleSystems":true},"in2DMode":false,"pivot":{"x":0.44300007820129397,"y":0.038361549377441409,"z":0.9534568786621094},"rotation":{"x":0.04981895536184311,"y":0.8756558895111084,"z":-0.4713592231273651,"w":0.09254904836416245},"size":1.6634877920150757,"orthographic":false}