{"cameraMode":{"drawMode":0,"name":"Shaded","section":"Shading Mode"},"sceneLighting":false,"audioPlay":false,"sceneViewState":{"showFog":true,"showMaterialUpdate":false,"showSkybox":true,"showFlares":true,"showImageEffects":true,"showParticleSystems":true},"in2DMode":false,"pivot":{"x":4.3660478591918949,"y":1.6579999923706055,"z":-1.8594307899475098},"rotation":{"x":-0.282674103975296,"y":-0.33634307980537417,"z":0.10659104585647583,"w":-0.8919681310653687},"size":0.2857885956764221,"orthographic":false}