{"cameraMode":{"drawMode":0,"name":"Shaded","section":"Shading Mode"},"sceneLighting":false,"audioPlay":false,"sceneViewState":{"showFog":true,"showMaterialUpdate":false,"showSkybox":true,"showFlares":true,"showImageEffects":true,"showParticleSystems":true},"in2DMode":false,"pivot":{"x":-0.07359206676483154,"y":0.283054918050766,"z":-0.018139377236366273},"rotation":{"x":0.0064668734557926659,"y":0.9928852319717407,"z":-0.10012242197990418,"w":0.06413009762763977},"size":1.7505240440368653,"orthographic":false}