{"cameraMode":{"drawMode":0,"name":"Shaded","section":"Shading Mode"},"sceneLighting":false,"audioPlay":false,"sceneViewState":{"showFog":true,"showMaterialUpdate":false,"showSkybox":true,"showFlares":true,"showImageEffects":true,"showParticleSystems":true},"in2DMode":false,"pivot":{"x":0.0836523175239563,"y":0.9830974340438843,"z":0.23649168014526368},"rotation":{"x":-0.002536259824410081,"y":0.9821031093597412,"z":0.1878596693277359,"w":0.013259194791316986},"size":3.3339741230010988,"orthographic":false}