{"cameraMode":{"drawMode":0,"name":"Shaded","section":"Shading Mode"},"sceneLighting":false,"audioPlay":false,"sceneViewState":{"showFog":true,"showMaterialUpdate":false,"showSkybox":true,"showFlares":true,"showImageEffects":true,"showParticleSystems":true},"in2DMode":false,"pivot":{"x":0.13287213444709779,"y":0.0877569317817688,"z":0.06347379088401795},"rotation":{"x":-0.3915294408798218,"y":-0.2340346723794937,"z":0.10367398709058762,"w":-0.8838462829589844},"size":0.9043174386024475,"orthographic":false}