{"cameraMode":{"drawMode":0,"name":"Shaded","section":"Shading Mode"},"sceneLighting":false,"audioPlay":false,"sceneViewState":{"showFog":true,"showMaterialUpdate":false,"showSkybox":true,"showFlares":true,"showImageEffects":true,"showParticleSystems":true},"in2DMode":false,"pivot":{"x":-0.7248501777648926,"y":0.043979622423648837,"z":-0.5172833800315857},"rotation":{"x":0.0021246406249701978,"y":-0.7049788236618042,"z":0.0021181534975767137,"w":0.7092220783233643},"size":0.9704988598823547,"orthographic":true}