{"cameraMode":{"drawMode":0,"name":"Shaded","section":"Shading Mode"},"sceneLighting":false,"audioPlay":false,"sceneViewState":{"showFog":true,"showMaterialUpdate":false,"showSkybox":true,"showFlares":true,"showImageEffects":true,"showParticleSystems":true},"in2DMode":false,"pivot":{"x":0.08453083038330078,"y":0.205691397190094,"z":-0.10701454430818558},"rotation":{"x":0.10719379037618637,"y":0.7150817513465881,"z":-0.11246659606695175,"w":0.681556224822998},"size":2.1452343463897707,"orthographic":false}