{"cameraMode":{"drawMode":0,"name":"Shaded","section":"Shading Mode"},"sceneLighting":false,"audioPlay":false,"sceneViewState":{"showFog":true,"showMaterialUpdate":false,"showSkybox":true,"showFlares":true,"showImageEffects":true,"showParticleSystems":true},"in2DMode":false,"pivot":{"x":5.621622562408447,"y":2.444089889526367,"z":-0.08575372397899628},"rotation":{"x":0.6872791051864624,"y":0.027216194197535516,"z":-0.02578522451221943,"w":0.7254253625869751},"size":2.8578836917877199,"orthographic":false}