{"cameraMode":{"drawMode":0,"name":"Shaded","section":"Shading Mode"},"sceneLighting":false,"audioPlay":false,"sceneViewState":{"showFog":true,"showMaterialUpdate":false,"showSkybox":true,"showFlares":true,"showImageEffects":true,"showParticleSystems":true},"in2DMode":false,"pivot":{"x":-3.847226619720459,"y":1.3869882822036744,"z":-3.552999973297119},"rotation":{"x":-0.2225993573665619,"y":0.22774507105350495,"z":-0.0535658597946167,"w":-0.9464209079742432},"size":1.431127905845642,"orthographic":false}