{"cameraMode":{"drawMode":0,"name":"Shaded","section":"Shading Mode"},"sceneLighting":false,"audioPlay":false,"sceneViewState":{"showFog":true,"showMaterialUpdate":false,"showSkybox":true,"showFlares":true,"showImageEffects":true,"showParticleSystems":true},"in2DMode":false,"pivot":{"x":-2.614412307739258,"y":1.0803405046463013,"z":-3.9973058700561525},"rotation":{"x":0.26984408497810366,"y":0.10173691809177399,"z":-0.0286844652146101,"w":0.9570846557617188},"size":0.2857881486415863,"orthographic":false}