{"cameraMode":{"drawMode":0,"name":"Shaded","section":"Shading Mode"},"sceneLighting":false,"audioPlay":false,"sceneViewState":{"showFog":true,"showMaterialUpdate":false,"showSkybox":true,"showFlares":true,"showImageEffects":true,"showParticleSystems":true},"in2DMode":false,"pivot":{"x":0.19337919354438783,"y":2.027867555618286,"z":0.02393162250518799},"rotation":{"x":-0.46921494603157046,"y":-0.15165689587593079,"z":0.08216376602649689,"w":-0.8660754561424255},"size":1.125124216079712,"orthographic":false}