{"cameraMode":{"drawMode":0,"name":"Shaded","section":"Shading Mode"},"sceneLighting":false,"audioPlay":false,"sceneViewState":{"showFog":true,"showMaterialUpdate":false,"showSkybox":true,"showFlares":true,"showImageEffects":true,"showParticleSystems":true},"in2DMode":false,"pivot":{"x":-0.026332765817642213,"y":1.9193565845489503,"z":0.052141427993774417},"rotation":{"x":-0.2946788966655731,"y":0.0722014456987381,"z":-0.022334463894367219,"w":-0.9526029825210571},"size":0.7602834701538086,"orthographic":false}