{"cameraMode":{"drawMode":0,"name":"Shaded","section":"Shading Mode"},"sceneLighting":true,"audioPlay":false,"sceneViewState":{"showFog":true,"showMaterialUpdate":false,"showSkybox":true,"showFlares":true,"showImageEffects":true,"showParticleSystems":true},"in2DMode":false,"pivot":{"x":-0.24852706491947175,"y":19.104248046875,"z":6.890350818634033},"rotation":{"x":0.00205479608848691,"y":-0.7286097407341003,"z":0.6849225759506226,"w":0.002185783814638853},"size":3.8715767860412599,"orthographic":false}