{"cameraMode":{"drawMode":0,"name":"Shaded","section":"Shading Mode"},"sceneLighting":false,"audioPlay":false,"sceneViewState":{"showFog":true,"showMaterialUpdate":false,"showSkybox":true,"showFlares":true,"showImageEffects":true,"showParticleSystems":true},"in2DMode":false,"pivot":{"x":18.43398666381836,"y":1.596764087677002,"z":0.08649086952209473},"rotation":{"x":0.5453686118125916,"y":0.012571693398058415,"z":-0.008181257173418999,"w":0.8380621075630188},"size":2.8578836917877199,"orthographic":false}