{"cameraMode":{"drawMode":0,"name":"Shaded","section":"Shading Mode"},"sceneLighting":false,"audioPlay":false,"sceneViewState":{"showFog":true,"showMaterialUpdate":false,"showSkybox":true,"showFlares":true,"showImageEffects":true,"showParticleSystems":true},"in2DMode":false,"pivot":{"x":11.270000457763672,"y":2.009999990463257,"z":0.0},"rotation":{"x":0.6766465306282044,"y":-0.015458386391401291,"z":0.014211496338248253,"w":0.7360085844993591},"size":2.8578836917877199,"orthographic":false}