{"cameraMode":{"drawMode":0,"name":"Shaded","section":"Shading Mode"},"sceneLighting":false,"audioPlay":false,"sceneViewState":{"showFog":true,"showMaterialUpdate":false,"showSkybox":true,"showFlares":true,"showImageEffects":true,"showParticleSystems":true},"in2DMode":false,"pivot":{"x":-0.484000027179718,"y":0.7234705686569214,"z":0.12183210253715515},"rotation":{"x":-0.04829325154423714,"y":0.7261903285980225,"z":-0.0512813962996006,"w":-0.683875560760498},"size":0.8850809931755066,"orthographic":false}