{"cameraMode":{"drawMode":0,"name":"Shaded","section":"Shading Mode"},"sceneLighting":true,"audioPlay":false,"sceneViewState":{"showFog":true,"showMaterialUpdate":true,"showSkybox":true,"showFlares":true,"showImageEffects":true,"showParticleSystems":true},"in2DMode":false,"pivot":{"x":2.0945675373077394,"y":2.5838892459869386,"z":-3.128615379333496},"rotation":{"x":-0.3551537096500397,"y":-0.3668573200702667,"z":0.15402548015117646,"w":-0.8459064960479736},"size":7.9030232429504398,"orthographic":true}