{"cameraMode":{"drawMode":0,"name":"Shaded","section":"Shading Mode"},"sceneLighting":true,"audioPlay":false,"sceneViewState":{"showFog":true,"showMaterialUpdate":true,"showSkybox":true,"showFlares":true,"showImageEffects":true,"showParticleSystems":true},"in2DMode":false,"pivot":{"x":2.565142869949341,"y":1.3881324529647828,"z":-7.178601264953613},"rotation":{"x":-0.5008988380432129,"y":-0.4990927577018738,"z":0.5020962953567505,"w":-0.4979018568992615},"size":1.805588722229004,"orthographic":true}