{"cameraMode":{"drawMode":0,"name":"Shaded","section":"Shading Mode"},"sceneLighting":false,"audioPlay":false,"sceneViewState":{"showFog":true,"showMaterialUpdate":false,"showSkybox":true,"showFlares":true,"showImageEffects":true,"showParticleSystems":true},"in2DMode":false,"pivot":{"x":-0.043722040951251987,"y":6.69998836517334,"z":6.360069274902344},"rotation":{"x":0.5591610670089722,"y":-0.00746143190190196,"z":0.005032472778111696,"w":0.8290102481842041},"size":2.992570400238037,"orthographic":false}