{"cameraMode":{"drawMode":0,"name":"Shaded","section":"Shading Mode"},"sceneLighting":false,"audioPlay":false,"sceneViewState":{"showFog":true,"showMaterialUpdate":false,"showSkybox":true,"showFlares":true,"showImageEffects":true,"showParticleSystems":true},"in2DMode":false,"pivot":{"x":1.23771333694458,"y":0.07695849984884262,"z":1.3242096900939942},"rotation":{"x":-0.018429383635520936,"y":0.7934749722480774,"z":-0.024057662114501,"w":-0.6078478693962097},"size":0.8713377714157105,"orthographic":true}