{"cameraMode":{"drawMode":0,"name":"Shaded","section":"Shading Mode"},"sceneLighting":false,"audioPlay":false,"sceneViewState":{"showFog":true,"showMaterialUpdate":false,"showSkybox":true,"showFlares":true,"showImageEffects":true,"showParticleSystems":true},"in2DMode":false,"pivot":{"x":0.6041535139083862,"y":-0.011229753494262696,"z":0.7944372892379761},"rotation":{"x":0.08950171619653702,"y":-0.8954011797904968,"z":0.20947393774986268,"w":0.3825792074203491},"size":1.6634877920150757,"orthographic":false}