{"cameraMode":{"drawMode":0,"name":"Shaded","section":"Shading Mode"},"sceneLighting":true,"audioPlay":false,"sceneViewState":{"showFog":true,"showMaterialUpdate":false,"showSkybox":true,"showFlares":true,"showImageEffects":true,"showParticleSystems":true},"in2DMode":false,"pivot":{"x":-9.512898445129395,"y":-21.985963821411134,"z":-22.998926162719728},"rotation":{"x":-0.0576893649995327,"y":0.8882483839988709,"z":-0.4406391382217407,"w":-0.11629270762205124},"size":34.214881896972659,"orthographic":false}