{"cameraMode":{"drawMode":0,"name":"Shaded","section":"Shading Mode"},"sceneLighting":false,"audioPlay":false,"sceneViewState":{"showFog":true,"showMaterialUpdate":false,"showSkybox":true,"showFlares":true,"showImageEffects":true,"showParticleSystems":true},"in2DMode":false,"pivot":{"x":0.44300007820129397,"y":0.038361549377441409,"z":0.9534568786621094},"rotation":{"x":0.03872513771057129,"y":-0.9259954690933228,"z":-0.09898863732814789,"w":-0.362262487411499},"size":1.6634877920150757,"orthographic":false}