{"cameraMode":{"drawMode":0,"name":"Shaded","section":"Shading Mode"},"sceneLighting":false,"audioPlay":false,"sceneViewState":{"showFog":true,"showMaterialUpdate":false,"showSkybox":true,"showFlares":true,"showImageEffects":true,"showParticleSystems":true},"in2DMode":false,"pivot":{"x":-2.6040000915527345,"y":1.0499999523162842,"z":-3.948883533477783},"rotation":{"x":0.2526533901691437,"y":0.0993509590625763,"z":-0.026090867817401887,"w":0.9620888829231262},"size":0.2857881486415863,"orthographic":false}