{"cameraMode":{"drawMode":0,"name":"Shaded","section":"Shading Mode"},"sceneLighting":true,"audioPlay":false,"sceneViewState":{"showFog":true,"showMaterialUpdate":true,"showSkybox":true,"showFlares":true,"showImageEffects":true,"showParticleSystems":true},"in2DMode":false,"pivot":{"x":4.561869144439697,"y":1.5783915519714356,"z":-3.155221939086914},"rotation":{"x":-0.039382483810186389,"y":-0.9606024026870728,"z":0.19722582399845124,"w":-0.19181756675243379},"size":1.6391056776046754,"orthographic":false}