{"cameraMode":{"drawMode":0,"name":"Shaded","section":"Shading Mode"},"sceneLighting":false,"audioPlay":false,"sceneViewState":{"showFog":true,"showMaterialUpdate":false,"showSkybox":true,"showFlares":true,"showImageEffects":true,"showParticleSystems":true},"in2DMode":false,"pivot":{"x":0.7014906406402588,"y":1.6846840381622315,"z":-0.5891924500465393},"rotation":{"x":-0.3560067117214203,"y":0.49891412258148196,"z":-0.23548896610736848,"w":-0.7542473077774048},"size":11.809966087341309,"orthographic":false}