{"cameraMode":{"drawMode":0,"name":"Shaded","section":"Shading Mode"},"sceneLighting":false,"audioPlay":false,"sceneViewState":{"showFog":true,"showMaterialUpdate":true,"showSkybox":true,"showFlares":true,"showImageEffects":true,"showParticleSystems":true},"in2DMode":false,"pivot":{"x":-2.2899999618530275,"y":1.790000081062317,"z":11.789999961853028},"rotation":{"x":-0.3551537096500397,"y":-0.3668573200702667,"z":0.15402548015117646,"w":-0.8459064960479736},"size":49.9019775390625,"orthographic":true}