{"cameraMode":{"drawMode":0,"name":"Shaded","section":"Shading Mode"},"sceneLighting":false,"audioPlay":false,"sceneViewState":{"showFog":true,"showMaterialUpdate":false,"showSkybox":true,"showFlares":true,"showImageEffects":true,"showParticleSystems":true},"in2DMode":false,"pivot":{"x":-0.1518888771533966,"y":0.007323760073632002,"z":-0.2159784436225891},"rotation":{"x":0.0009152668062597513,"y":0.9983243942260742,"z":-0.016474897041916848,"w":0.0554635226726532},"size":2.745234251022339,"orthographic":false}