{"cameraMode":{"drawMode":0,"name":"Shaded","section":"Shading Mode"},"sceneLighting":false,"audioPlay":false,"sceneViewState":{"showFog":true,"showMaterialUpdate":false,"showSkybox":true,"showFlares":true,"showImageEffects":true,"showParticleSystems":true},"in2DMode":false,"pivot":{"x":-0.01059962809085846,"y":6.496167182922363,"z":0.003321673721075058},"rotation":{"x":-0.3915294408798218,"y":-0.2340346723794937,"z":0.10367398709058762,"w":-0.8838462829589844},"size":1.535779356956482,"orthographic":false}