{"cameraMode":{"drawMode":0,"name":"Shaded","section":"Shading Mode"},"sceneLighting":false,"audioPlay":false,"sceneViewState":{"showFog":true,"showMaterialUpdate":false,"showSkybox":true,"showFlares":true,"showImageEffects":true,"showParticleSystems":true},"in2DMode":false,"pivot":{"x":10.53892993927002,"y":3.6718521118164064,"z":1.1815567016601563},"rotation":{"x":-0.006674120202660561,"y":-0.9717910289764404,"z":0.027703529223799707,"w":-0.23411588370800019},"size":22.0,"orthographic":false}