{"cameraMode":{"drawMode":0,"name":"Shaded","section":"Shading Mode"},"sceneLighting":false,"audioPlay":false,"sceneViewState":{"showFog":true,"showMaterialUpdate":false,"showSkybox":true,"showFlares":true,"showImageEffects":true,"showParticleSystems":true},"in2DMode":false,"pivot":{"x":-0.19913053512573243,"y":0.8946030735969544,"z":0.31105801463127139},"rotation":{"x":0.038107920438051227,"y":0.707134485244751,"z":0.038222428411245349,"w":-0.7050160765647888},"size":2.3850812911987306,"orthographic":false}