{"cameraMode":{"drawMode":0,"name":"Shaded","section":"Shading Mode"},"sceneLighting":false,"audioPlay":false,"sceneViewState":{"showFog":true,"showMaterialUpdate":true,"showSkybox":true,"showFlares":true,"showImageEffects":true,"showParticleSystems":true},"in2DMode":false,"pivot":{"x":-0.15650010108947755,"y":10.171501159667969,"z":2.0865001678466799},"rotation":{"x":-0.5008988380432129,"y":-0.4990927577018738,"z":0.5020962953567505,"w":-0.4979018568992615},"size":60.241214752197269,"orthographic":true}