{"cameraMode":{"drawMode":0,"name":"Shaded","section":"Shading Mode"},"sceneLighting":false,"audioPlay":false,"sceneViewState":{"showFog":true,"showMaterialUpdate":true,"showSkybox":true,"showFlares":true,"showImageEffects":true,"showParticleSystems":true},"in2DMode":false,"pivot":{"x":0.5365591645240784,"y":4.925174713134766,"z":-1.2637829780578614},"rotation":{"x":0.5633001327514648,"y":-0.01587136648595333,"z":0.010823929682374,"w":0.8260290026664734},"size":22.0,"orthographic":true}