{"cameraMode":{"drawMode":0,"name":"Shaded","section":"Shading Mode"},"sceneLighting":false,"audioPlay":false,"sceneViewState":{"showFog":true,"showMaterialUpdate":false,"showSkybox":true,"showFlares":true,"showImageEffects":true,"showParticleSystems":true},"in2DMode":false,"pivot":{"x":-0.005648374557495117,"y":0.6068564653396606,"z":0.008976172655820847},"rotation":{"x":-0.09653905779123306,"y":0.7056174874305725,"z":-0.09799808263778687,"w":-0.6951119899749756},"size":1.1850814819335938,"orthographic":false}