{"cameraMode":{"drawMode":0,"name":"Shaded","section":"Shading Mode"},"sceneLighting":false,"audioPlay":false,"sceneViewState":{"showFog":true,"showMaterialUpdate":true,"showSkybox":true,"showFlares":true,"showImageEffects":true,"showParticleSystems":true},"in2DMode":false,"pivot":{"x":2.565142869949341,"y":1.3881324529647828,"z":-7.178601264953613},"rotation":{"x":0.013697381131350994,"y":0.9572829008102417,"z":-0.2851444482803345,"w":0.04598494619131088},"size":22.0,"orthographic":true}