{"cameraMode":{"drawMode":0,"name":"Shaded","section":"Shading Mode"},"sceneLighting":false,"audioPlay":false,"sceneViewState":{"showFog":true,"showMaterialUpdate":false,"showSkybox":true,"showFlares":true,"showImageEffects":true,"showParticleSystems":true},"in2DMode":false,"pivot":{"x":2.441581964492798,"y":1.0130441188812256,"z":-3.634150266647339},"rotation":{"x":-0.451963871717453,"y":-0.26084163784980776,"z":0.14010268449783326,"w":-0.8414639830589294},"size":1.1431539058685303,"orthographic":false}