{"cameraMode":{"drawMode":0,"name":"Shaded","section":"Shading Mode"},"sceneLighting":false,"audioPlay":false,"sceneViewState":{"showFog":true,"showMaterialUpdate":false,"showSkybox":true,"showFlares":true,"showImageEffects":true,"showParticleSystems":true},"in2DMode":false,"pivot":{"x":-0.4560748338699341,"y":0.49843788146972659,"z":0.2631244659423828},"rotation":{"x":0.03607988357543945,"y":0.9539961218833923,"z":0.26865389943122866,"w":-0.12812048196792603},"size":1.485081434249878,"orthographic":false}